employee_id,name,phone_number,job_role,location,salary,reports_to
98192,Patricia Lopez,755-848-2508,CEO,San Francisco,427368.43,
89170,Felicia James,515-876-8376,CFO,Remote,294107.9,98192
21049,Michael Watson,237-295-3348,COO,San Francisco,357110.49,98192
91570,Katherine Sullivan,585-498-4648,Vice President,San Francisco,259134.75,21049
31014,Christopher Payne,967-551-6554,Vice President,Austin,222822.68,21049
22634,Jason Campos,960-555-6604,Vice President,Remote,201585.36,89170
66235,Kimberly Hamilton,753-505-5738,Vice President,Austin,210561.93,89170
62451,Kevin Benitez,345-790-1273,Vice President,Remote,221495.39,89170
66382,Steven Scott,889-854-4258,Vice President,Remote,208543.07,89170
50056,Thomas Stevenson,269-384-4777,Vice President,New York,250008.31,21049
30196,Ricky Crawford,939-659-5789,Director,Remote,173791.28,91570
12870,Amanda Anderson,614-319-8326,Director,Chicago,177768.13,66382
43106,Peter Wallace,351-583-2248,Director,Chicago,168072.32,91570
42611,Cassandra Aguilar,331-477-9215,Director,Chicago,184286.64,91570
40982,James Wang,921-934-5070,Director,Austin,160195.34,22634
61258,Michelle Wilson,289-704-6086,Director,San Francisco,192909.49,22634
96914,Kevin Dixon,806-848-9178,Director,Chicago,158723.86,50056
12118,Emily Jones,400-531-9073,Director,Austin,163649.28,50056
36401,Andre Wright DVM,449-209-1682,Director,San Francisco,179194.58,91570
53703,Matthew Lutz,349-808-7417,Director,New York,189751.5,31014
17943,Gilbert Vazquez,328-810-1153,Director,Remote,158853.85,50056
73505,Stephen Gutierrez,965-525-9846,Director,San Francisco,201385.77,66235
39461,Daniel Rogers,690-595-4137,Director,New York,190232.36,66235
77257,Hannah Harris,604-933-6388,Director,Chicago,168789.77,50056
61772,Scott Kaufman,626-860-3250,Director,Chicago,171963.39,50056
36538,Betty Dougherty,691-631-1755,Director,Austin,173165.44,62451
90216,Richard Martin,222-769-5894,Director,Chicago,169752.19,22634
86103,Krista Huerta,521-357-9409,Director,San Francisco,199437.81,22634
98923,Ruth Myers,649-331-8116,Director,Remote,140129.48,91570
12804,Carrie Conrad,844-733-3277,Director,San Francisco,180153.11,31014
88222,Dr. Natalie Carr,820-872-8759,Director,Chicago,165477.8,22634
59541,Sarah Gregory,813-907-5792,Director,New York,199461.31,66382
15752,Kim Williams,627-714-7356,Director,San Francisco,186446.39,66382
99838,Benjamin Cohen,654-417-7070,Director,San Francisco,186986.63,31014
21080,Jennifer Reed,506-621-6950,Director,San Francisco,191934.68,62451
29704,William Booker,750-939-6416,Director,San Francisco,182753.07,31014
66564,David Franco,203-771-7012,Director,San Francisco,194971.39,89170
42604,Kathleen Davies,680-641-4171,Director,Chicago,166789.77,22634
58466,Matthew Hartman,207-560-6303,Director,New York,196563.93,89170
55954,Drew Jenkins,811-776-2524,Director,San Francisco,185982.17,50056
78922,Kevin Thomas,876-951-5129,Manager,Chicago,143169.31,77257
11325,Stacey Smith,949-541-7662,Manager,New York,148242.29,88222
15599,Christopher Sandoval,800-360-3858,Manager,San Francisco,157001.38,96914
78509,Alexandra King,905-853-4671,Manager,Austin,116314.91,86103
73031,Brian Lopez,450-366-2272,Manager,Chicago,133959.84,39461
26162,Lorraine Miles,235-215-1757,Manager,San Francisco,165546.47,88222
61175,Crystal Durham,495-316-4403,Manager,Austin,143318.0,88222
14030,Tammy Henry,224-894-9385,Manager,New York,133455.33,36401
11335,Douglas Flowers,316-688-5632,Manager,Remote,118210.04,30196
12325,Todd Johnson,533-211-6966,Manager,Remote,126286.7,29704
49847,Clayton Romero,407-530-2969,Manager,San Francisco,173437.67,96914
81416,Sally Powell,820-971-7644,Manager,Chicago,136641.98,21080
38603,Anthony Brown,780-837-7981,Manager,New York,147468.41,96914
59522,Christopher Smith,310-390-5210,Manager,New York,153605.26,21080
64654,Vernon Wright,232-535-1921,Manager,Remote,120212.81,73505
23215,Cynthia Greene,888-364-1387,Manager,Chicago,127262.44,73505
23076,Mark Davidson,391-883-6767,Manager,Remote,135125.42,36401
26360,Andrew Holmes,686-828-4758,Manager,New York,161475.28,12870
21937,Jonathan Knox,732-778-6343,Manager,Chicago,142665.43,90216
62672,Pamela Miller,200-340-2995,Manager,New York,137359.6,61258
76189,Christina Brown,307-615-8084,Manager,San Francisco,156559.34,61772
64580,David Gibson,880-467-7529,Manager,Austin,123033.84,36401
95870,Monique Bradley,233-336-9069,Manager,Austin,120999.01,15752
55048,Terry Stephens,680-908-8492,Manager,New York,144599.85,53703
59906,Stephanie Martin,384-510-9749,Manager,New York,147619.51,58466
54767,Edward Mueller,857-840-5246,Manager,Austin,146054.06,12804
96051,Michael Simpson,672-847-3076,Manager,Remote,135890.89,29704
69751,Kevin Frye,894-803-9042,Manager,Chicago,138893.19,88222
65047,Donna Stevens,678-911-4787,Manager,New York,143762.97,40982
66609,Craig Rodriguez,366-698-4296,Manager,New York,158899.48,12118
27429,Melinda Pratt,986-834-9777,Manager,New York,166125.52,61258
61653,Joseph Bradley,986-236-6932,Manager,New York,150751.76,36401
67419,Steven Wood,858-321-2570,Manager,New York,140016.94,15752
75081,Richard Grant,215-574-5441,Manager,Chicago,127617.19,12870
16837,Robert Daniel,867-517-3834,Manager,New York,149158.98,21080
30268,Justin Walters,368-514-7435,Manager,Remote,129280.35,29704
46670,Karla White,420-745-6073,Manager,Austin,145155.64,40982
13406,Janice Smith,775-553-6056,Manager,Chicago,159508.13,29704
39389,Mr. Stephen Wilson,269-903-2871,Manager,New York,161791.92,12118
41711,Adriana Wood,721-678-4698,Manager,Chicago,149502.14,42611
74827,Theresa Zimmerman,412-941-2044,Manager,San Francisco,152217.65,58466
34286,Eric Walker,343-982-4912,Manager,Remote,127620.05,29704
73529,Samantha Fowler,748-354-4951,Manager,Austin,126549.6,55954
98132,Amanda White,834-441-1217,Manager,Chicago,133343.76,29704
31028,Jon Sheppard,961-493-4441,Manager,San Francisco,161802.93,61772
26434,Andrea Kerr,249-372-7370,Manager,Austin,142027.92,36538
99361,Connor Smith,852-655-6858,Manager,San Francisco,161393.2,73505
54213,James Norman,360-296-5214,Manager,San Francisco,143486.2,40982
76917,Heidi Short,895-238-4399,Manager,New York,151296.5,88222
35065,Sherry Young,717-676-9381,Manager,San Francisco,149108.75,59541
35548,Amanda Welch,915-581-7830,Manager,Austin,138363.23,96914
26102,Felicia Patel PhD,329-954-8880,Manager,Austin,125833.51,61772
29074,Lindsay Duran,311-731-4623,Manager,San Francisco,156113.94,98923
54240,Anthony Baker,271-504-2929,Manager,Remote,106623.09,98923
68626,Jeff Johnston,797-853-1579,Manager,New York,160871.74,43106
58569,Robert Evans,678-666-3200,Manager,New York,154859.6,88222
33821,Amanda Graham,428-250-3270,Manager,New York,156809.77,29704
59119,Ms. Kelly Mccann,887-834-2292,Manager,Austin,132195.52,96914
81527,Catherine Mejia,680-894-2359,Manager,Austin,130946.42,59541
18804,Darlene Brown,542-730-9712,Manager,Remote,124898.09,86103
81677,Erica Henderson,773-331-3746,Manager,New York,145374.21,88222
95233,Mary Chavez,512-451-1341,Manager,Remote,115719.99,21080
66395,Fernando Boone,952-966-1280,Manager,New York,154128.01,59541
18893,Logan Gallegos,980-634-3911,Manager,Remote,115221.22,12118
22364,Raymond Kim,400-297-3218,Manager,Remote,132711.35,86103
22112,Mr. Mark Garcia,312-308-5236,Manager,Austin,142251.34,73505
88606,Andrew Reid,981-809-3707,Manager,New York,152469.99,36538
99539,Fernando Knight,488-297-8291,Manager,Austin,153236.9,12870
49941,Philip Burgess,935-973-9723,Manager,Austin,134108.33,86103
68254,Gary Gonzalez,983-743-4401,Manager,Chicago,161428.48,42604
72933,Terry Shelton,541-480-7727,Manager,New York,151860.92,86103
28655,Michael Patterson,507-384-9968,Manager,New York,141697.46,12870
88071,Joshua Hodge,522-919-2088,Manager,San Francisco,165788.38,39461
41622,Steven Baker,339-342-4151,Manager,Chicago,135716.9,12118
88220,Alejandra Hayes,386-645-9567,Manager,Chicago,130990.42,42611
71198,Michael Nicholson,423-299-1866,Manager,Remote,118445.38,77257
38995,Daniel Moore,263-727-7320,Manager,San Francisco,167730.23,21080
17570,Sharon George,639-454-9484,Manager,Chicago,133045.56,15752
97218,Leslie Greene,555-776-6218,Manager,Remote,116797.88,58466
29278,James Morales,483-524-3591,Manager,San Francisco,166805.37,86103
51784,Pamela Mcknight,918-590-5397,Manager,San Francisco,157544.74,36538
89489,Andrea Mclaughlin,361-570-2300,Manager,Chicago,146571.76,58466
62353,Aaron Martinez,239-680-1386,Manager,Remote,130614.08,36401
97579,Michael Davis,857-308-3132,Manager,Austin,122364.22,40982
25440,Michael Wilkinson,991-578-7419,Manager,Remote,140545.77,58466
14262,Julie Mccall,587-312-2822,Manager,Remote,123517.45,43106
66954,David Knight,903-533-9468,Manager,Remote,125834.65,77257
35737,Christine Allen,922-614-3731,Manager,Remote,121120.71,66564
28596,Arthur Cole,977-668-9351,Manager,Remote,130936.42,12804
55864,Joseph Schaefer,485-589-4203,Manager,Austin,121535.13,59541
53818,Joseph Peck,485-822-3887,Manager,Remote,119389.28,15752
12801,Molly Ellis,662-656-3109,Manager,New York,152542.49,86103
17452,Lisa Adams,824-212-4897,Manager,Remote,129413.37,77257
71238,Leslie Howell,317-880-9805,Manager,San Francisco,145949.98,36401
18653,Michael Williams,316-437-4779,Manager,Austin,119339.38,58466
35384,Taylor Fox,692-477-8401,Manager,New York,158765.71,12804
89649,Theresa Underwood,944-986-3325,Manager,Chicago,134568.15,12870
94691,Paul Gomez,859-970-2399,Manager,San Francisco,161644.72,61258
82245,Matthew Gates,999-627-8477,Manager,New York,155754.84,88222
81754,Jordan Obrien,296-262-1863,Manager,New York,149325.35,21080
94394,Timothy Wong,653-273-5845,Software Engineer,Austin,113414.53,75081
41140,Misty Morrison,723-222-7255,Software Engineer,New York,110474.86,28655
95055,Joseph Carlson,780-684-4750,Software Engineer,Remote,108205.08,38995
41411,Daryl Morales,343-978-3441,Software Engineer,Chicago,102784.74,64654
45810,Austin Wheeler,498-735-2776,Software Engineer,New York,124062.57,22112
71888,Gregory Lawrence,540-507-9945,Software Engineer,Remote,116510.89,53818
55433,William Moss MD,273-520-5138,Software Engineer,New York,120818.83,59119
87322,Daniel Kelley,630-782-5615,Software Engineer,Austin,109370.63,64580
88368,Tyrone English,492-225-9273,Software Engineer,Remote,90661.67,46670
96933,Taylor Byrd,714-508-9632,Software Engineer,New York,123869.13,61175
96792,Krista Chang,928-985-4323,Software Engineer,Chicago,117408.57,29278
38564,Adam Barron,734-364-8763,Software Engineer,Austin,91477.16,81677
22423,Matthew Clark,973-346-6817,Software Engineer,Remote,115569.27,97218
78489,Kevin Robinson,879-574-6571,Software Engineer,New York,129057.26,89649
42012,Derek Johnson,904-901-9407,Software Engineer,San Francisco,141512.78,51784
81619,Kevin Hartman,770-784-2164,Software Engineer,San Francisco,137693.55,96051
74649,Joshua Serrano,752-811-1778,Software Engineer,Remote,99784.36,81677
80805,Maria Zhang,671-653-2975,Software Engineer,Remote,109747.3,66609
96410,Robert Gonzalez,640-967-7330,Software Engineer,New York,127315.79,11325
79105,Angela Williams,243-247-7487,Software Engineer,New York,129102.95,13406
17475,Donald Harvey,950-633-1856,Software Engineer,San Francisco,127790.19,98132
11168,Patricia Booker,987-745-3155,Software Engineer,Austin,122287.17,41622
84260,James Williams,412-533-6490,Software Engineer,New York,123811.83,71238
57396,Rhonda Esparza,548-432-1891,Software Engineer,Austin,111811.49,64580
76309,Edward Park,349-870-6056,Software Engineer,San Francisco,122639.13,81754
21328,Michaela Davis,665-800-2722,Software Engineer,Chicago,118707.87,55864
66268,Ashley Dalton,542-657-2874,Software Engineer,Austin,97281.94,29074
22970,James Weber,556-404-4713,Software Engineer,Chicago,109115.47,66954
99260,Carolyn Morris,626-236-3818,Software Engineer,San Francisco,128824.87,88606
44999,Jennifer Hurley,747-687-3359,Software Engineer,Chicago,109495.93,54213
71966,Matthew Chambers,780-451-7113,Software Engineer,Austin,129838.78,14262
68239,Tanya Garcia,476-606-3734,Software Engineer,Chicago,126597.73,61653
68172,Kayla Romero,205-571-9539,Software Engineer,Austin,96287.39,98132
53019,Cynthia Ward,252-580-1831,Software Engineer,Remote,100832.17,54213
11813,Bridget Matthews,370-353-1756,Software Engineer,Remote,115991.15,51784
64181,Ann Gibbs,631-722-4243,Software Engineer,Austin,120775.84,64654
12682,William Ramsey,977-526-9126,Software Engineer,San Francisco,126269.43,29074
18552,Jessica Robertson,834-265-4408,Software Engineer,Austin,118009.54,81754
49177,Robin Kerr,447-697-2804,Software Engineer,San Francisco,142567.95,26102
38588,Reginald Mcintosh,233-247-6266,Software Engineer,Remote,92857.55,11335
69338,Elizabeth Pope,703-526-1252,Software Engineer,New York,125293.93,54767
16128,Curtis Day,962-248-7329,Software Engineer,Austin,111885.47,81754
36451,Angela Klein,803-709-2891,Software Engineer,Austin,114448.51,12801
37930,Valerie Nelson,566-608-1777,Software Engineer,New York,133709.43,99539
36477,Roberto Edwards,697-786-3227,Software Engineer,San Francisco,142397.67,71198
14878,David Alvarez,267-788-8363,Software Engineer,New York,128552.62,99361
84244,Michelle Durham,259-233-7408,Software Engineer,San Francisco,118165.93,71238
30109,Richard Ashley,640-906-4738,Software Engineer,Remote,103230.02,68626
88702,Katie Blackwell,311-541-1567,Software Engineer,New York,122295.03,35548
77824,Selena Ingram,772-781-9219,Software Engineer,New York,115359.41,26102
74145,Angela Robinson,522-768-8357,Software Engineer,Chicago,136349.07,30268
69786,Tiffany Cannon,506-527-1517,Software Engineer,Remote,114290.92,26360
48387,Ricky Dyer,732-240-2647,Software Engineer,Remote,112206.49,69751
23749,Tracy Bartlett,539-208-5074,Software Engineer,Chicago,116541.92,88606
20455,Matthew Hansen,527-778-1751,Software Engineer,Remote,114289.29,65047
34769,Caitlin Bryant,429-310-8976,Software Engineer,New York,119774.44,81754
96281,Regina Kline,469-749-6216,Software Engineer,Chicago,118132.81,38995
13734,Vernon Rodriguez,593-883-2982,Software Engineer,San Francisco,132249.48,22364
51380,Kristin Jackson,608-780-1685,Software Engineer,New York,140132.87,23076
43499,Ronald Jackson,640-991-2700,Software Engineer,San Francisco,135221.76,14030
38440,Jessica Campbell,250-469-6455,Software Engineer,New York,128036.36,29278
37634,Robert Morris,254-284-9225,Software Engineer,New York,112341.0,81527
46922,William Rivers,909-692-3550,Software Engineer,San Francisco,137647.89,26162
40607,Nicole Walton,887-727-5685,Software Engineer,New York,121985.34,75081
73116,Christine Aguilar,549-950-4752,Software Engineer,Austin,108934.96,16837
91011,Brent Brown,261-710-3123,Software Engineer,Remote,86579.49,26162
39033,Albert Pearson,918-964-4708,Software Engineer,Remote,105716.77,12801
15609,Albert Brown,422-943-5899,Software Engineer,Chicago,119942.53,18653
85665,Stephanie West,331-774-5052,Software Engineer,New York,110967.67,88220
87513,Richard Houston,407-398-2227,Software Engineer,San Francisco,134901.46,17570
35131,Jesus Barron,838-216-9176,Software Engineer,Austin,120134.37,64654
24023,Kimberly Kelly,416-593-5961,Software Engineer,San Francisco,144842.05,29074
19107,Amber Dudley,788-451-1710,Software Engineer,New York,118012.0,95233
85906,Derek Rogers,822-248-3809,Software Engineer,San Francisco,119947.74,58569
57655,Rachael Ortiz,513-872-4816,Software Engineer,Chicago,115745.93,88220
63363,Robin Nguyen,412-988-7693,Software Engineer,San Francisco,148447.79,12325
14532,James Andrade,433-866-5493,Software Engineer,Austin,113736.75,64580
55200,Anna Simon,951-301-1408,Software Engineer,Remote,94088.0,72933
65532,Bryan Nguyen,321-607-9799,Software Engineer,San Francisco,145916.91,31028
10297,Jessica Wright,968-747-8626,Software Engineer,Chicago,112123.14,17452
15015,Roy Henderson,237-297-2493,Software Engineer,New York,118312.61,65047
22343,Luis Baker,541-481-1927,Software Engineer,Austin,126718.23,11325
27679,William Brown,711-349-9656,Software Engineer,San Francisco,141746.17,81754
20343,Savannah Burns,877-911-4880,Software Engineer,Remote,96284.83,26102
84676,Thomas Cruz,348-997-3404,Software Engineer,New York,107107.39,17570
64771,Jasmine Fleming,979-305-7705,Software Engineer,Remote,100357.17,22364
89436,Patrick Brown,516-300-3472,Software Engineer,New York,118992.68,21937
51081,Ricardo Hawkins,326-979-1220,Software Engineer,Chicago,123649.77,54240
18517,Ashley Shelton,408-575-8198,Software Engineer,Chicago,122799.0,61653
27277,John Murray,671-461-1365,Software Engineer,Austin,98330.72,95870
52062,Charles Martin Jr.,555-827-4485,Software Engineer,San Francisco,121361.89,49941
87632,Melanie Bell,952-420-7168,Software Engineer,Austin,112945.8,53818
86883,Johnny Perry,955-318-2382,Software Engineer,Austin,93634.99,88606
12346,Belinda Garcia,808-587-5959,Software Engineer,San Francisco,124840.17,55864
64968,Kimberly Burgess,371-343-2435,Software Engineer,Chicago,122423.13,88220
69134,Hannah Kelly,951-709-6692,Software Engineer,Austin,93128.49,59906
27580,Laura Ortiz,932-254-2684,Software Engineer,New York,136974.08,65047
73444,Samantha Washington,825-289-9392,Software Engineer,Chicago,127598.36,14030
46383,Jerry Kelley,471-745-1159,Software Engineer,Chicago,136483.21,81677
88673,Joseph Parrish,768-543-5634,Software Engineer,Remote,101185.69,35065
47976,Denise Jones,753-693-6925,Software Engineer,New York,139746.38,26102
37080,Connor Shepherd,745-413-7536,Software Engineer,San Francisco,128956.17,72933
74581,Rhonda Mcdaniel,684-886-4136,Software Engineer,Austin,109129.62,61653
79952,Monique Johnson,658-856-2778,Software Engineer,San Francisco,124226.93,96051
85457,Alexis Werner,938-301-7922,Software Engineer,San Francisco,136246.42,59119
12645,Ryan Lawrence,629-881-8248,Software Engineer,Remote,111127.16,71198
69398,Roger Lopez,345-795-3076,Software Engineer,San Francisco,125222.89,12801
64975,Gregory Johnson,766-636-4404,Software Engineer,New York,105135.31,34286
66976,Brianna Hampton,921-996-4196,Software Engineer,Chicago,96944.26,17452
99995,Kyle Hill,498-645-2318,Software Engineer,Austin,107611.95,68254
72923,Melinda Reynolds,242-757-6004,Software Engineer,Chicago,125599.9,75081
44744,Omar Lopez,788-345-3588,Software Engineer,New York,136701.7,65047
91727,Jennifer Allen,373-421-2633,Software Engineer,Remote,107959.31,71238
71783,Brandon Smith,223-238-3670,Software Engineer,Austin,121494.95,13406
31823,Paul Brown,264-440-6457,Software Engineer,San Francisco,129026.47,17570
26580,Dominique Andrews,883-595-3073,Software Engineer,San Francisco,129018.54,22364
79114,Joseph Collins,501-343-3480,Software Engineer,New York,121868.55,88071
88991,Carlos Carney MD,506-637-1671,Software Engineer,Austin,100518.63,18804
89645,Michele Moore,454-493-6036,Software Engineer,San Francisco,130344.59,69751
24548,Jennifer Washington,955-372-3411,Software Engineer,San Francisco,132717.4,39389
81793,Thomas Vargas,754-615-6311,Software Engineer,Chicago,110821.05,54213
46168,Scott Hernandez,714-783-5998,Software Engineer,New York,146940.84,78509
70008,Adam Powell,264-335-7081,Software Engineer,San Francisco,132982.04,73529
93363,Alexander Doyle,427-376-5737,Software Engineer,New York,134584.12,35065
79792,Charles Ochoa,242-805-5194,Software Engineer,Chicago,127794.54,38603
18217,Cynthia Stewart,868-852-6872,Software Engineer,San Francisco,135333.06,59522
46407,Angela Cook,872-989-9381,Software Engineer,San Francisco,136557.71,18653
90013,Ashley Hebert,869-906-8252,Software Engineer,New York,135376.61,95870
99641,Christopher Campbell,758-266-2069,Software Engineer,San Francisco,128619.54,51784
67379,Emily Johnson,504-496-2150,Software Engineer,Remote,83909.66,99361
65807,Chelsea Wilson,231-693-3141,Software Engineer,San Francisco,111542.33,25440
71060,Steven Ball,937-393-1905,Software Engineer,New York,121986.03,76189
12850,Lindsey Wiggins,949-696-4245,Software Engineer,Austin,95374.39,96051
87372,Robert Lewis,599-529-3319,Software Engineer,Chicago,121700.18,54213
78747,Kimberly Willis,902-549-7433,Software Engineer,New York,115424.89,76189
58974,Melissa Caldwell,908-522-7204,Software Engineer,San Francisco,141337.35,41711
46786,Christopher Freeman,491-759-6395,Software Engineer,New York,138831.02,76917
92593,Darren Ortiz DDS,377-803-5942,Software Engineer,San Francisco,113237.35,13406
46512,Dr. Elizabeth Alvarado DDS,575-781-2959,Software Engineer,Remote,103841.25,66609
52982,Garrett Horton,667-350-7904,Software Engineer,New York,122651.19,66609
78044,Travis Wright,559-523-6512,Software Engineer,Chicago,104547.09,55864
38524,Lacey Green,385-790-8702,Software Engineer,Chicago,113109.0,30268
58285,Karen Butler,338-914-1117,Software Engineer,Remote,80399.37,35065
60929,Christine Powell,430-878-1114,Software Engineer,Chicago,123122.54,55864
37560,Robert Frye,702-359-2865,Software Engineer,Remote,109066.67,59522
95109,John Peters,837-672-3318,Software Engineer,Remote,100059.55,18653
33786,Angel Jacobs,936-629-5981,Software Engineer,San Francisco,147342.73,12801
97545,Ryan Thompson,206-730-9657,Software Engineer,New York,138516.85,67419
80206,Kathleen Barnett,987-653-2767,Software Engineer,Austin,107101.14,88606
46607,Tyler Padilla,547-650-1363,Software Engineer,New York,132260.18,35548
99602,Jill Stone,511-922-4883,Software Engineer,Chicago,126365.1,88071
33048,Casey Williams,708-463-4910,Software Engineer,Austin,98426.35,29074
40496,Kathleen Foster,400-526-2167,Software Engineer,Chicago,108303.41,69751
96690,Debbie Sanchez,529-714-4275,Software Engineer,Chicago,135244.07,66609
28521,Melissa Garcia,769-900-1961,Software Engineer,Chicago,123236.71,41711
38976,Shannon Contreras,328-982-7325,Software Engineer,Chicago,107257.57,23215
43523,Michelle Hart,643-264-2189,Software Engineer,Remote,113777.63,16837
19174,Danielle Miller,693-434-1046,Software Engineer,Austin,109624.2,97218
57075,Martin Brown,941-362-6552,Software Engineer,Remote,93830.6,18804
70848,Trevor Freeman,354-645-2282,Software Engineer,New York,137469.25,41711
50908,William Massey,572-947-2339,Software Engineer,Chicago,106890.17,54767
43416,Anthony Williams,521-605-8440,Software Engineer,Austin,100010.89,72933
93900,Jessica Lee,849-479-1599,Software Engineer,Chicago,93162.0,99361
76017,Mark Mccarty,668-472-7777,Software Engineer,Chicago,133512.9,69751
89677,Belinda Castillo,899-651-4681,Software Engineer,New York,106189.35,58569
40540,Kathryn Hernandez,441-744-9497,Software Engineer,Austin,102534.42,76189
31171,Tyler Rogers,994-580-6646,Software Engineer,Remote,102474.17,17570
83972,Elizabeth Jones,368-512-9603,Software Engineer,Chicago,100332.6,49847
64659,Zachary Richard,271-462-6864,Software Engineer,New York,123903.6,97218
23837,Anthony Bowen,726-711-9558,Software Engineer,New York,142592.79,11335
96907,John Boyer,336-200-6870,Software Engineer,Chicago,91119.6,68254
99804,Norma Vargas,407-633-2886,Software Engineer,Austin,115703.15,22112
35826,Holly Duncan,681-289-6784,Software Engineer,San Francisco,124905.03,75081
16550,Jennifer Douglas,822-369-2906,Software Engineer,Austin,119717.33,54240
69417,Sylvia Sanders,331-259-6230,Software Engineer,New York,121602.76,11325
62223,Vicki Green,499-329-4768,Software Engineer,Chicago,105028.8,69751
80772,Richard Curtis,200-281-3089,Software Engineer,New York,111791.04,73031
68968,Julie Roth,759-652-3121,Software Engineer,Chicago,110461.96,35065
13637,Brandon White,632-369-4974,Software Engineer,Austin,116239.2,59522
71628,Carl Roberts,490-270-5159,Software Engineer,San Francisco,138231.49,49847
63145,John Martin,312-805-8077,Software Engineer,Chicago,122945.58,28596
31020,Juan Roman,904-453-5760,Software Engineer,Austin,108610.69,38995
29765,Kristen Martinez,323-981-7643,Software Engineer,New York,116789.51,89489
54440,Brent Rodriguez,490-385-6495,Software Engineer,Chicago,102395.02,54767
62504,Michael Fletcher,963-559-2097,Software Engineer,Austin,116034.7,64654
49433,Sean Little,862-984-2650,Software Engineer,New York,109708.97,46670
54672,Jason Mccormick,788-546-5013,Software Engineer,Remote,113550.04,22112
56044,Craig Robertson,471-546-4639,Software Engineer,San Francisco,153564.15,66954
98763,Eric Barry,658-970-9845,Software Engineer,Chicago,127785.97,33821
87048,Allison Hall,466-466-6915,Software Engineer,New York,120709.14,97218
62730,Stephanie Cook,417-223-4996,Software Engineer,Chicago,113735.63,29074
26318,Brian Perry,682-767-2727,Software Engineer,San Francisco,125696.24,35384
18757,Thomas Lopez,702-830-6620,Software Engineer,San Francisco,145039.1,81677
84349,Nicole Young,825-553-4661,Software Engineer,New York,117364.27,17452
36069,Andrew Meyer,280-675-8472,Software Engineer,San Francisco,137199.8,88606
36010,Eileen Murphy,883-601-1467,Software Engineer,Austin,127180.41,64580
23296,Carl Rogers,252-418-1802,Software Engineer,Remote,101444.99,26162
90767,Lori Miranda,719-353-8928,Software Engineer,New York,135921.36,54240
53220,Charlotte Campos,310-335-8112,Software Engineer,Chicago,106082.75,81527
69271,Christine Cochran,593-470-3273,Software Engineer,Chicago,106298.93,81416
85165,Jessica Bryant,474-494-8466,Software Engineer,New York,120493.44,30268
90373,Patricia Allen,260-874-1947,Software Engineer,New York,129022.93,74827
35658,Stephen Bates,786-788-8685,Software Engineer,Austin,110328.6,26102
77975,Kenneth Hoover,370-415-1917,Software Engineer,Remote,110772.64,33821
19401,Thomas Larsen,979-259-5328,Software Engineer,Remote,96697.91,51784
69186,Jessica Allen,565-456-2593,Software Engineer,Chicago,121927.94,26102
58720,Tara Jones MD,551-989-9299,Software Engineer,Austin,105567.44,21937
20390,Katrina Powers,241-724-7043,Software Engineer,Remote,110355.67,34286
49112,Sara White,516-651-1358,Software Engineer,San Francisco,141602.8,14030
81704,Pamela Harris,930-490-1990,Software Engineer,Austin,113128.07,99539
47266,Jonathon Green,459-391-7338,Software Engineer,Austin,109621.12,59906
40491,Michael Wallace,630-644-7628,Software Engineer,San Francisco,138506.98,73031
69539,Kristen Logan,766-719-8366,Software Engineer,Chicago,116447.51,66609
54460,Wendy Walker,540-697-6819,Software Engineer,San Francisco,138928.25,14262
68510,Monica Robinson,576-992-7715,Software Engineer,Austin,114403.51,96051
57301,James Santiago,285-294-1610,Software Engineer,Austin,109901.38,21937
66361,Samantha Bishop,862-237-5292,Software Engineer,Remote,121783.22,62353
45417,Edward Anderson,283-311-7431,Software Engineer,Chicago,123097.26,26434
92233,Ashley Kane,594-226-4042,Software Engineer,New York,126758.91,17452
65086,Joel Ramirez,936-684-7494,Software Engineer,Chicago,109925.45,88220
45997,Lori Guzman,740-755-9476,Product Manager,Chicago,148628.85,81527
91069,Lindsay Black,358-544-2046,Product Manager,San Francisco,145414.07,88606
36981,Kimberly Huynh,760-607-2119,Product Manager,Chicago,129022.43,59522
66643,Amy Baird,461-557-6337,Product Manager,San Francisco,136446.13,96051
84443,Karen Cross,810-708-9718,Product Manager,Chicago,119689.14,18893
23520,Amanda Brown,822-643-2427,Product Manager,San Francisco,152572.39,66395
11579,Zachary Martin,290-798-4791,Product Manager,Remote,118752.16,29074
71831,Anthony Foster,613-663-2983,Product Manager,New York,136724.44,35384
66697,Cheryl Fitzgerald,690-454-8301,Product Manager,San Francisco,140846.99,35384
78460,Brandy Wells,972-380-8908,Product Manager,New York,131131.15,38995
43376,Cheryl Weber,339-465-3262,Product Manager,New York,131875.74,62353
62649,Laura Lewis,315-788-6877,Product Manager,San Francisco,147334.85,64580
75702,Richard Byrd,572-712-6590,Product Manager,San Francisco,126744.05,55048
76865,James Henderson,974-459-5271,Product Manager,New York,149559.72,15599
66854,Stephen Myers,494-627-5109,Product Manager,Remote,108119.28,14262
75128,Joseph Peterson,406-975-3497,Product Manager,San Francisco,139248.06,26434
16712,Donald Crosby,939-952-8822,Product Manager,Chicago,128207.51,62672
17934,Thomas Riley,815-578-4882,Product Manager,San Francisco,134333.91,96051
98335,Adrian Gregory,725-245-3008,Product Manager,Chicago,124674.22,22112
13527,Timothy Lee,398-577-1554,Product Manager,Remote,106083.06,34286
38701,Stephen Moore,437-866-9480,Product Manager,New York,140887.32,39389
25373,Melissa Pierce,374-366-7358,Product Manager,Chicago,125519.96,12801
25288,Alan Garza,687-337-8718,Product Manager,San Francisco,137843.2,49847
44600,Joan Snyder,435-653-5034,Product Manager,Remote,124291.24,23076
38379,Doris Holder,762-826-2870,Product Manager,Remote,117734.4,17452
61540,Victoria Scott,732-346-6677,Product Manager,Remote,130072.59,35737
26527,Bridget Montoya,219-501-2647,Product Manager,New York,136850.25,51784
53592,Nancy Gonzalez,970-668-6100,Product Manager,San Francisco,141522.14,16837
64319,Roy Sparks,814-632-5201,Product Manager,Chicago,124319.96,21937
55919,William Smith,801-239-1212,Product Manager,San Francisco,132691.33,26434
70850,Jennifer Brown,632-362-9315,Product Manager,Austin,126462.71,49847
26713,Nathan Moody,593-489-6994,Product Manager,Remote,122851.03,89649
75470,Jennifer Donaldson,816-588-1902,Product Manager,San Francisco,151070.83,59906
26083,Veronica Sanders,339-263-9409,Product Manager,Remote,110910.71,61175
95237,Chad Walker,441-612-4063,Product Manager,Austin,143337.11,17452
46832,Ashley Myers,383-725-7601,Product Manager,New York,145953.05,35384
75876,Ryan Shaw,591-663-7102,Product Manager,Austin,110729.29,78509
25755,Gregory Smith,714-577-6222,Product Manager,Remote,111577.94,26360
22810,Amy Miller,627-743-9124,Product Manager,Chicago,106272.28,64654
77631,Christine Parrish,885-242-8869,Product Manager,Austin,126086.97,96051
53005,Lisa Price,447-704-3391,Product Manager,Chicago,127979.8,72933
32505,Charles Cox,399-993-7398,Product Manager,Austin,124690.6,14262
72562,William Baker,867-596-9312,Product Manager,Remote,138918.49,81416
60166,Autumn Wilson,375-619-5850,Product Manager,San Francisco,123173.28,88071
34901,Kenneth Moore,844-836-6272,Product Manager,Austin,124443.25,99539
34041,Charles Mclaughlin,757-301-1870,Product Manager,Remote,127594.16,68626
46146,Garrett Ortega,587-302-5491,Product Manager,Chicago,142968.71,66954
13134,Vicki Fisher,645-519-1830,Product Manager,Chicago,130370.82,73031
79017,Joshua Green,254-983-7016,Product Manager,Chicago,113595.73,66954
34329,Lisa Copeland,239-807-8781,Product Manager,New York,129580.96,49941
27202,Angela Dixon,547-510-8391,Product Manager,San Francisco,154001.95,73031
39832,Tina Barnett,729-309-1507,Product Manager,Austin,117986.31,94691
50566,Thomas Bullock,823-988-6104,Product Manager,Chicago,126722.92,33821
21934,Jason Phillips,809-553-2566,Product Manager,Chicago,124781.6,27429
54286,Megan Jenkins,552-827-2592,Product Manager,Remote,127712.76,81416
29681,Krista Lambert,472-634-7959,Product Manager,Austin,119319.84,23215
84905,Kevin Gallagher,545-777-8203,Product Manager,Chicago,114056.35,51784
43352,Wayne Cox,897-226-4104,Product Manager,Remote,139066.69,26102
83841,Todd Roy,341-657-1482,Product Manager,New York,117869.22,15599
72693,Dana Williams,697-805-7242,Product Manager,San Francisco,146092.76,78509
83622,Joseph Reed,403-350-9968,Product Manager,New York,132669.74,88220
19945,Emily Hall,542-891-7379,Product Manager,New York,132280.33,54767
92628,Stephanie Graham,805-287-4581,Product Manager,Chicago,121443.65,49847
98847,Rachel Lutz,640-428-9008,Product Manager,Remote,122307.81,14030
85845,Mitchell Payne,396-471-9432,Product Manager,Austin,136087.38,23076
52965,Marissa Christian,267-701-7162,Product Manager,Remote,135277.51,35384
44777,Deanna Wilson,667-282-4253,Product Manager,Remote,119093.81,71198
92054,Jeremy Rodriguez,853-304-2505,Product Manager,Chicago,105951.18,35384
88611,Jeremy Perez,336-824-9966,Product Manager,Chicago,127582.7,68254
63307,Carl Wilson,876-691-2746,Product Manager,Remote,111681.48,95233
69216,Dana Taylor,844-536-6691,Product Manager,San Francisco,158129.56,66954
17768,Pamela Forbes,568-504-2131,Product Manager,Chicago,109339.23,81677
73382,Jessica Mcintyre,529-461-2500,Product Manager,Remote,138119.27,49847
26883,David Romero,474-255-6656,Product Manager,Austin,127299.89,55864
97477,Jennifer Flores,806-925-4049,Product Manager,New York,147676.47,59906
11775,Shawn Hoffman,457-635-5227,Product Manager,New York,144034.36,12325
49217,Michelle Peters,757-399-7708,Product Manager,Chicago,131089.13,55864
55993,Steven Foley,313-640-4579,Product Manager,Remote,109286.63,49847
32542,Dr. Jonathan Blackwell,778-386-3445,Product Manager,New York,130913.76,49847
26126,Kyle Oliver,721-577-4703,Product Manager,New York,139515.81,59119
39979,Lisa Allen,235-585-5017,Product Manager,Chicago,116182.76,23215
49801,Audrey Gonzales,937-784-3499,Product Manager,New York,151630.99,12325
12194,William Bryan,775-640-1963,Product Manager,Chicago,132916.17,13406
23589,Dominic Lindsey,347-718-4805,Product Manager,Austin,101503.42,89489
85492,Jennifer Myers,674-865-1353,Product Manager,Remote,97078.89,22112
93354,Kimberly Holmes,585-964-4257,Product Manager,Austin,125322.03,25440
79001,Carol Johnson,713-766-2673,Product Manager,Chicago,120375.23,26360
89966,Julie Smith,997-279-9686,Product Manager,Chicago,124385.56,35384
45342,Kenneth Randolph,903-687-1274,Product Manager,Austin,113199.63,49847
67500,Louis Price,990-734-6914,Product Manager,San Francisco,113508.83,22112
13055,Benjamin Williams,447-918-1294,Product Manager,Chicago,116621.26,97579
37236,Rachel Campos,531-988-8907,Product Manager,Chicago,125866.86,58569
82185,Craig Hodges,943-719-6891,Product Manager,Austin,119364.35,27429
17283,Katherine Byrd,463-278-7867,Product Manager,New York,135020.05,89649
65512,Felicia Mendoza,820-446-8188,Product Manager,Austin,112288.63,26434
43321,Nicholas Price,588-345-1873,Product Manager,Austin,106638.28,23215
74753,Mrs. Frances Rangel,780-784-7191,Product Manager,New York,126819.76,51784
70499,Savannah Short,285-401-7094,Product Manager,Austin,114089.35,18893
59649,Michael Myers,388-806-2734,Product Manager,New York,133044.38,35065
18234,Michael Chandler,277-639-5163,Product Manager,Remote,119447.97,33821
97504,Sara Thompson,997-941-3759,Product Manager,Chicago,154260.93,18653
72701,Margaret Marshall MD,341-772-6758,Product Manager,New York,122166.39,18653
25728,Shelby Hernandez,437-745-9543,Product Manager,San Francisco,157973.52,12325
76133,Donna Escobar,677-892-4943,Product Manager,Remote,130538.84,62672
30503,Caroline Pennington,315-818-6411,Product Manager,San Francisco,144542.72,89489
17384,Mrs. Krystal Johnson,740-760-6521,Product Manager,Remote,130123.6,17570
92416,Susan Wilson,236-707-3581,Product Manager,Austin,123089.97,17570
25001,Linda Yates,588-208-8558,Product Manager,Remote,115471.1,26162
35277,Michelle Everett,548-465-4467,Product Manager,Austin,128348.18,99361
22737,Mary Cox,718-789-4568,Product Manager,Chicago,146010.12,39389
16562,Brooke Ramirez,925-280-5837,Product Manager,Remote,104491.71,61175
95749,Amanda Tapia,748-595-9607,Product Manager,Chicago,124273.15,49847
68774,Joseph Wilkins,527-540-1154,Product Manager,Remote,107120.45,58569
39173,Carlos Mendoza,321-912-9278,Product Manager,New York,142406.74,26360
21876,Andrew Soto,605-719-6325,Product Manager,New York,130332.09,23215
55978,Rachel Higgins,439-525-7504,Product Manager,New York,131869.78,64580
77652,Christopher Strong,686-386-4066,Product Manager,New York,127672.69,13406
30472,Robert House,868-698-7204,Product Manager,Remote,117830.88,97579
39699,Timothy Frost,585-613-3594,Product Manager,Austin,123831.73,95870
20145,Henry Lopez,503-664-3675,Product Manager,San Francisco,138810.55,59522
52882,Mark Bennett,510-580-1201,Data Scientist,Chicago,129225.97,35548
15948,Melissa Aguilar,224-456-5626,Data Scientist,New York,136528.18,72933
42859,Jonathan Morrison,371-945-2341,Data Scientist,Austin,101091.43,72933
98145,Dr. Adam Thompson DDS,703-901-7480,Data Scientist,Chicago,117371.51,95870
69275,Kayla Keller,403-989-6952,Data Scientist,San Francisco,141047.83,17452
41806,Seth Callahan,475-263-6949,Data Scientist,Austin,116437.71,69751
79935,Taylor Coleman,632-297-1209,Data Scientist,Chicago,111872.86,59906
74928,William Rodriguez,980-216-8781,Data Scientist,Chicago,107709.8,59119
83209,Brenda Reynolds,527-556-1975,Data Scientist,Remote,104059.11,62672
92292,Michael Jordan,601-322-9321,Data Scientist,Austin,118174.8,73529
94830,Daniel Floyd,775-805-3469,Data Scientist,Remote,119259.25,64580
15583,Jeffrey White,897-277-5154,Data Scientist,San Francisco,152087.55,54213
38641,Richard Diaz,353-638-3747,Data Scientist,Chicago,127373.45,89649
42099,Robert Perez,896-898-4944,Data Scientist,Chicago,119415.22,26360
42532,Amanda Moore,708-676-3438,Data Scientist,Remote,112130.91,61175
77063,Meagan Gonzalez,494-956-3854,Data Scientist,New York,133632.8,25440
39931,Jenna Johnson,570-283-7109,Data Scientist,New York,135477.15,30268
57436,Tina Palmer,663-822-7866,Data Scientist,Austin,119303.57,72933
13299,Samantha Chan,222-734-9030,Data Scientist,Remote,117905.01,25440
94187,Michael Newman,647-419-8622,Data Scientist,Austin,105513.02,81754
17042,Nathan Hernandez,355-209-2232,Data Scientist,San Francisco,137761.92,38603
55731,Crystal Jones,962-520-7218,Data Scientist,Remote,132223.47,39389
28583,Regina Morales,514-560-6991,Data Scientist,San Francisco,127452.89,18804
43611,Russell Whitney,364-546-3717,Data Scientist,Austin,108871.15,26360
49855,Alexandra Johnson,366-462-8696,Data Scientist,Chicago,107565.72,62353
26322,David Hayes,620-944-1964,Data Scientist,New York,128969.73,94691
52972,Kristin Fisher,423-744-8368,Data Scientist,Chicago,114019.87,29074
35368,Gregory Giles,481-670-9583,Data Scientist,New York,131690.3,18653
87905,Cory Walker,725-317-9553,Data Scientist,San Francisco,142979.89,76189
57283,Amy Singleton,312-773-3615,Data Scientist,Remote,119548.08,18893
20572,Courtney Brooks,763-462-4561,Data Scientist,Remote,95718.65,82245
41914,Sharon Gilbert,896-293-9411,Data Scientist,Remote,99640.1,71238
79246,Robert Smith,673-293-5475,Data Scientist,Chicago,123198.32,35065
61921,Edward Moore,247-557-7567,Data Scientist,San Francisco,123931.89,13406
65241,Mary Martinez,559-222-5854,Data Scientist,Chicago,103813.56,35384
17887,Linda Thomas,736-535-9440,Data Scientist,Austin,114312.73,88220
90563,Jeffrey Fisher,300-207-6730,Data Scientist,Remote,104365.51,29278
48803,Holly Jones DDS,917-337-7703,Data Scientist,Remote,93177.11,35737
22914,Brittany Sullivan,801-567-1014,Data Scientist,Austin,112759.93,59906
49246,Jordan Hayden,576-833-2775,Data Scientist,San Francisco,141131.28,35384
87679,Joy Kane,452-904-1854,Data Scientist,Austin,124639.21,67419
24946,Amanda Garcia,885-862-8505,Data Scientist,Chicago,121558.98,22364
27290,Mitchell Hutchinson,682-680-5737,Data Scientist,San Francisco,118220.94,98132
69568,Timothy Marshall,203-284-6668,Data Scientist,Remote,110209.17,18804
32234,Lori English,563-385-8830,Data Scientist,Remote,100728.15,12801
41845,Jordan Thomas,831-634-5077,Data Scientist,Austin,105624.54,38603
94099,Tiffany Parsons,782-816-6608,Data Scientist,San Francisco,140236.63,99361
65050,Erica Gray,760-503-6633,Data Scientist,Chicago,134473.55,29074
79922,Justin Serrano,652-592-4449,Data Scientist,Chicago,124259.59,66609
52145,Oscar West,823-874-4982,Data Scientist,Chicago,123856.92,73529
27501,Mark Hill,584-669-2660,Data Scientist,New York,131499.04,73031
49218,Karen Moore,742-377-8208,Data Scientist,Remote,99166.94,29074
91015,Mary Cruz,722-978-3013,Data Scientist,New York,133466.73,54767
81656,Larry Cain,370-830-9984,Data Scientist,Remote,113726.18,35737
78753,Christopher Neal,980-999-8564,Data Scientist,New York,126296.68,71198
33432,Michelle Munoz,291-853-8176,Data Scientist,New York,122223.77,35384
32949,Paul Howard,514-439-2836,Data Scientist,New York,145065.62,71198
57962,Jared Warner,935-844-9608,Data Scientist,Remote,109644.9,41711
18876,William Peterson,894-830-5044,Data Scientist,San Francisco,141782.84,59906
57373,Raymond Klein,368-960-2693,Data Scientist,San Francisco,159911.8,73529
70251,Joseph Boyer,609-345-5669,Data Scientist,Austin,111997.42,68254
68292,Lisa Estrada,392-314-4067,Data Scientist,Remote,110332.51,78922
69655,Stephen Cook,977-822-1196,Data Scientist,San Francisco,129273.43,97218
30518,Joseph Gregory,286-391-5465,Data Scientist,Chicago,121750.89,89649
34398,Katelyn White,522-709-2109,Data Scientist,Austin,113781.76,17452
87096,Steven Robertson MD,362-403-2669,Data Scientist,San Francisco,147836.97,21937
45629,Dean Evans,617-406-6980,Data Scientist,Chicago,120346.27,59522
29976,Robert Miller,840-844-9321,Data Scientist,Remote,109959.84,30268
41119,Melissa Cannon,245-403-8994,Data Scientist,Chicago,132454.41,54240
33017,Kevin Beck,284-886-6386,Data Scientist,San Francisco,143120.65,59906
15374,Evelyn Mack,895-816-2839,Data Scientist,Austin,117574.87,67419
88864,John Miller,303-822-5714,Data Scientist,New York,135286.36,54213
10208,Christopher Dawson,733-482-5181,Data Scientist,Remote,97104.87,16837
11697,Deanna Webb,435-556-3315,Data Scientist,Remote,87028.38,49847
57593,Alyssa Bird,608-703-9624,Data Scientist,New York,138201.84,81416
75901,Lisa James,231-665-2005,Data Scientist,New York,138689.61,81754
19608,Victoria Baxter,478-524-6485,Data Scientist,New York,121097.5,62353
18540,Richard Brooks,865-855-3787,Data Scientist,New York,120562.49,78922
28633,Justin Hayes,514-497-6233,Data Scientist,San Francisco,133026.14,14030
86296,Brianna Simmons,305-707-6224,Data Scientist,Chicago,120674.98,35384
55698,Elizabeth Davis,957-865-3471,Data Scientist,San Francisco,136949.63,81677
78301,Nicholas Brown Jr.,779-218-9919,Data Scientist,Remote,119568.59,71198
15652,Roger Williams,318-663-7800,Data Scientist,Austin,107842.1,12325
14391,Laura Barnett,648-337-2483,Data Scientist,Chicago,133920.11,64580
88468,Karen Pearson,944-879-5428,Data Scientist,Remote,120656.95,21937
19824,William Fritz,486-938-5485,Data Scientist,Austin,110673.77,99361
66645,Louis Jones,756-883-3496,Data Scientist,Remote,99830.07,13406
69459,Abigail Martinez,988-207-9444,Data Scientist,San Francisco,147003.38,21937
20931,Stephen Brown,560-962-1186,Data Scientist,Chicago,121326.62,17452
98997,Jesse Baker,243-982-2734,Data Scientist,New York,113489.53,95870
38704,Jodi White,630-694-9946,Data Scientist,Austin,142342.81,74827
72135,Brian Carr,981-394-7751,Data Scientist,Chicago,137445.43,89649
19510,Ricardo Buchanan,726-652-9221,Data Scientist,Austin,109023.97,22364
49000,Micheal Walker,226-255-4340,Data Scientist,New York,146066.24,69751
95043,Joseph Wallace,644-941-6912,Data Scientist,Austin,114091.4,28596
19274,Anne Cantrell,637-865-9862,Data Scientist,Chicago,115259.32,71238
28218,Nathan Zuniga,829-456-9758,Data Scientist,Chicago,115201.37,68626
53517,Brandon Middleton,412-830-7345,Data Scientist,New York,101926.8,75081
14397,Ronnie Smith,949-439-7842,Data Scientist,San Francisco,138386.52,55864
98043,Ryan Miller,887-941-3047,Data Scientist,New York,126048.67,98132
97869,Daniel Crawford,307-962-4597,Data Scientist,Chicago,96717.67,21937
97902,Diana Brooks,300-336-3124,Data Scientist,San Francisco,134078.23,55048
69997,Michelle Jenkins,361-329-6907,Data Scientist,Chicago,120779.32,95870
96618,Luis Paul,450-489-7890,Data Scientist,Chicago,122292.08,88606
40277,Russell Carter,407-398-2671,Data Scientist,Austin,117007.48,64580
34310,Jason Gordon,549-341-5702,Data Scientist,New York,131824.43,71198
22649,Xavier Joseph,449-502-9058,Data Scientist,Remote,89343.74,58569
69553,Katie Mcgee,270-395-7663,Data Scientist,Remote,103742.9,64580
20097,Timothy Harrison,317-371-4467,Data Scientist,San Francisco,113774.93,59906
81682,Charles Shaw,544-794-8530,Data Scientist,Austin,105770.89,78922
51696,Tanya Goodman,491-859-2984,Data Scientist,New York,152465.87,55864
82461,Richard English,706-370-8939,Data Scientist,New York,126229.19,99361
17612,Mrs. Lauren Holloway,707-326-6471,Data Scientist,Austin,127941.67,99539
42258,Amy Shaw,303-978-6849,Data Scientist,Austin,107679.75,69751
38004,Christopher Kennedy,916-825-6438,Data Scientist,Chicago,125540.98,35065
85533,Ellen Watts,822-979-8320,Data Scientist,Remote,107412.94,49941
82372,Alexandra Joseph,839-358-9206,Data Scientist,Chicago,136690.75,28596
56009,Amanda Johnson,429-304-1482,Data Scientist,Remote,115662.77,89489
59429,Jared Collins,811-583-2966,Data Scientist,New York,139531.52,67419
19433,Danielle Hardy,867-716-3019,Data Scientist,Chicago,113077.09,73529
37288,Casey Chambers,783-607-6169,HR Specialist,New York,74154.71,64580
28371,David Walker,895-708-7963,HR Specialist,San Francisco,94622.32,96051
59393,Susan Porter,564-543-9488,HR Specialist,San Francisco,79846.99,68254
82167,Paul Morgan,849-530-2277,HR Specialist,Chicago,55645.32,65047
60172,Chelsea Miller,610-585-5029,HR Specialist,Chicago,76785.8,35384
33200,Charles Carr,520-571-7114,HR Specialist,San Francisco,90556.87,28655
61373,Christine Smith,770-330-8603,HR Specialist,New York,83289.58,15599
63505,Karen Peters,757-440-7874,HR Specialist,San Francisco,75938.47,88606
33477,Julie Hodges,608-968-9846,HR Specialist,New York,87933.58,51784
92966,Justin Wilson,764-270-8196,HR Specialist,New York,79585.13,73031
48402,Sharon Fletcher,203-285-2138,HR Specialist,Remote,76018.68,66395
62858,Sarah Haas,647-252-5470,HR Specialist,Austin,50735.17,35548
56668,Carlos Tucker,531-722-3553,HR Specialist,Chicago,75196.56,88071
82247,Don Mckenzie,810-234-8137,HR Specialist,Chicago,80427.42,81416
91654,Jeffrey Pearson,273-453-7181,HR Specialist,San Francisco,82368.09,16837
22695,Theresa Boyle,806-774-8321,HR Specialist,San Francisco,78357.47,15599
54132,Theresa Burton,435-706-4876,HR Specialist,New York,60675.25,38603
33271,Cynthia Harmon,923-613-7966,HR Specialist,Chicago,74065.78,23076
28398,Dana Dawson,240-246-1059,HR Specialist,Austin,70115.14,59522
91747,Kimberly Davis,719-348-8226,HR Specialist,San Francisco,82883.19,22364
67651,Andrew Franco,209-472-5332,HR Specialist,Chicago,76851.23,61175
50817,Judith Wilson,855-523-5280,HR Specialist,Remote,66211.32,99361
83977,Alvin Ware,767-466-3230,HR Specialist,Austin,63130.07,35737
43152,Jeanne Weaver,878-364-3968,HR Specialist,Remote,69650.29,38603
81226,Aaron Brown,901-942-3359,HR Specialist,Chicago,70492.39,46670
11736,Nicholas Hess,720-607-4175,HR Specialist,New York,101152.89,29278
84186,David Hamilton,478-826-8002,HR Specialist,San Francisco,80469.9,95233
82193,Steven Sellers,246-647-6476,HR Specialist,Chicago,74687.75,41711
46016,Betty Taylor,210-372-9232,HR Specialist,San Francisco,75230.74,98132
20189,Carlos Reeves,867-229-7594,HR Specialist,San Francisco,78414.43,51784
64562,Jeff Jones,721-914-2131,HR Specialist,San Francisco,81765.06,78509
49587,Sean Green,678-446-5138,HR Specialist,New York,107804.67,17570
63142,Larry Horn,563-727-4693,HR Specialist,New York,108097.33,95870
31342,Matthew Lam,808-484-4022,HR Specialist,New York,78934.68,69751
38163,Shane Neal,573-986-3550,HR Specialist,Austin,93541.56,81527
60395,Valerie Greene,827-234-7771,HR Specialist,San Francisco,71906.34,69751
21444,Sabrina Williams,626-563-7297,HR Specialist,Austin,56236.91,61653
34462,Jeremiah Hernandez,525-698-3818,HR Specialist,San Francisco,75841.47,82245
53523,Barbara Ruiz,796-903-9994,HR Specialist,Austin,65337.02,30268
86138,Veronica Parsons,940-599-2874,HR Specialist,Chicago,90716.54,17570
55639,Joseph Cabrera,312-723-9612,HR Specialist,Chicago,82173.58,65047
66281,Desiree Gonzalez,652-410-8383,HR Specialist,Remote,65768.72,97218
43148,Ashley Williams,399-630-5729,HR Specialist,Remote,72060.4,59906
67710,Amanda Rodriguez,279-257-8920,HR Specialist,Austin,65816.1,13406
51974,Phillip Dixon,619-992-6432,HR Specialist,San Francisco,77468.84,29074
42227,Miranda Smith MD,384-840-8388,HR Specialist,Austin,87714.13,38995
60413,Danny Cortez,933-687-4823,HR Specialist,New York,72976.62,75081
20202,Mary Wilson,452-903-7259,HR Specialist,Chicago,67109.78,62353
99363,Kimberly Harris,899-288-2379,HR Specialist,Chicago,78375.72,76917
77422,Shane Barton,596-383-6161,HR Specialist,Austin,68959.6,78509
79592,Alec Pineda,482-587-6785,HR Specialist,New York,72594.65,49847
56609,Jesse Meyers,729-695-2190,HR Specialist,Remote,63677.24,61653
33924,David Willis,451-559-2206,HR Specialist,Austin,73969.45,26102
95140,Christine Rios,725-613-1232,HR Specialist,Austin,88622.18,23215
98155,Alex Mills,864-304-6836,HR Specialist,Chicago,67873.74,26102
24117,Tyrone Baker,889-879-4692,HR Specialist,New York,82482.23,49941
17588,Tommy Montgomery,863-209-7317,HR Specialist,Remote,67125.31,18893
23411,Jason Reynolds,740-677-9356,HR Specialist,New York,74510.49,34286
79146,Amber Walsh,684-527-9108,HR Specialist,Remote,68836.95,64654
12444,James Nelson,526-915-8830,HR Specialist,Austin,56922.84,38995
33814,Kimberly Smith MD,765-576-3686,HR Specialist,New York,73967.94,99361
37135,Sarah Jarvis,645-270-4635,HR Specialist,Chicago,66010.74,18653
89769,Mrs. Melissa Jones,970-902-1806,HR Specialist,San Francisco,107528.22,66609
64602,Sherry Johnson,412-967-9642,HR Specialist,Austin,72312.85,88071
25983,Brooke Eaton,580-463-7075,HR Specialist,Austin,63658.09,88071
11144,Timothy Smith,320-431-1238,HR Specialist,San Francisco,88045.89,14030
50730,Tiffany Lambert,860-508-6448,HR Specialist,Remote,67134.46,26434
75080,Nicole Sloan,700-916-9191,HR Specialist,Remote,71808.28,61175
75809,Connie James,944-537-3841,HR Specialist,Remote,65575.36,58569
41950,David Mcclure,894-934-8346,HR Specialist,New York,70702.02,61175
33009,Kyle Howard,785-339-2997,HR Specialist,Austin,86849.85,88606
15848,Michael Russell,667-747-4548,HR Specialist,New York,65649.12,28655
31639,Rebecca Porter,480-522-6398,HR Specialist,New York,60416.78,67419
28608,Jerry Dixon,714-990-5120,HR Specialist,New York,85244.91,88220
96903,Marvin Lucas,769-840-3799,HR Specialist,Austin,70246.6,18893
47796,Dominique Love,895-470-3437,HR Specialist,Chicago,75957.6,26360
75196,John Pineda,579-890-9392,HR Specialist,Chicago,66370.97,35065
99491,Danielle Sanchez,911-526-3849,HR Specialist,Austin,71945.5,13406
90426,Vincent Jennings,586-519-8781,HR Specialist,San Francisco,71241.7,11335
45292,Bradley Collier,450-839-3772,HR Specialist,Remote,72930.61,26360
52293,Jeffrey Green,477-587-5611,HR Specialist,New York,77388.86,29074
77597,Todd Oliver,920-874-3483,HR Specialist,Remote,73908.11,35384
24148,Scott Leblanc,841-547-6292,HR Specialist,Chicago,72632.81,18804
66557,Stephen Wagner,304-205-9248,HR Specialist,New York,91923.43,35548
70088,Daisy Mullins,651-636-2408,HR Specialist,Remote,77589.22,94691
96675,Stanley Cohen,601-780-5838,HR Specialist,Remote,81240.67,51784
91010,James Morrison,278-372-2797,HR Specialist,Chicago,61835.25,97218
63667,Toni Pitts,834-611-1898,HR Specialist,San Francisco,70564.9,99539
21411,Kerry Oneal,384-876-4169,HR Specialist,New York,80548.05,99539
86274,Beverly Hodges,832-395-3482,HR Specialist,Remote,65595.51,59522
21929,Matthew Kelly,694-827-4025,HR Specialist,New York,79799.27,78509
82887,Kayla Martin,808-207-6446,HR Specialist,New York,63775.34,31028
39098,Christy Bowers,945-384-7693,HR Specialist,New York,89364.16,89489
66378,Jerry Hurley,621-530-4066,HR Specialist,Chicago,66663.23,81527
22575,Brandon Campos,255-542-1434,HR Specialist,San Francisco,89410.7,78922
49200,Gregory Espinoza,758-830-9156,HR Specialist,Remote,88547.69,95870
35413,Bridget Johnson,779-955-3450,HR Specialist,San Francisco,87846.93,26360
63504,Allison Huynh,969-904-5123,HR Specialist,Austin,80535.52,73031
70610,Derrick Bruce,423-318-3601,HR Specialist,New York,99885.98,69751
54964,Lori Miller,313-931-5935,HR Specialist,Remote,59734.31,62353
98746,William Guerrero,432-507-9970,HR Specialist,San Francisco,77359.9,28596
79470,Jaime Espinoza,934-210-2178,HR Specialist,New York,87559.39,89649
49565,John Barnes,903-875-6894,HR Specialist,Remote,64844.33,65047
50679,Joseph Davis,861-332-5616,HR Specialist,Remote,78143.54,76917
77288,Laura Hardy,703-545-9368,HR Specialist,Remote,68189.81,16837
74854,Bonnie Welch,237-411-1478,HR Specialist,Remote,61370.91,49941
20093,Peter Camacho,605-999-7679,HR Specialist,Remote,63046.85,31028
74778,Madison Fields,331-297-5293,HR Specialist,Chicago,63028.55,55048
55385,Mitchell Smith,969-410-9546,HR Specialist,Remote,66759.08,97218
77155,Joshua Davidson,451-455-4331,HR Specialist,San Francisco,95776.54,26162
43096,Savannah Walker,757-618-6488,HR Specialist,San Francisco,91190.18,54767
45796,Mindy Gibson,535-982-3920,HR Specialist,Austin,58990.98,35737
65469,Mary Little,739-311-1920,HR Specialist,San Francisco,82457.31,98132
53709,Karen French,304-523-5335,HR Specialist,New York,89657.46,81416
27229,Todd Hobbs,960-937-9822,HR Specialist,Austin,81315.53,23215
51706,Trevor Henderson,475-615-8529,HR Specialist,San Francisco,70297.44,38603
50134,Philip Munoz,482-528-4515,HR Specialist,Remote,69848.39,49941
23378,Michelle Robinson,974-523-4380,HR Specialist,San Francisco,71321.9,88606
81878,Ronald Ochoa,871-930-6302,HR Specialist,New York,87466.21,71198
99469,Albert Stevenson,316-754-5421,HR Specialist,Chicago,88159.68,13406
40640,Alexandra Brewer,853-208-1830,HR Specialist,San Francisco,78535.66,23215
67788,Alec Hill,393-220-2933,HR Specialist,Remote,77719.34,12801
76139,Kristi Watson,647-505-9274,HR Specialist,Austin,62855.75,81677
26551,Sherry Fitzgerald,284-673-5379,HR Specialist,Remote,53228.49,49941
61831,Mark Cummings,427-465-4897,HR Specialist,New York,66316.13,81527
77263,Matthew Payne,623-548-1664,HR Specialist,Austin,75327.6,26360
63318,Miranda Collins,561-956-2822,HR Specialist,Austin,78906.1,62672
33556,Wayne Martin,944-307-9560,HR Specialist,San Francisco,81899.98,81527
64973,Michelle Cooper,463-496-3749,HR Specialist,Remote,62583.76,15599
63338,Michael Flores,272-472-3661,HR Specialist,Remote,54884.55,94691
63881,Paula Walker,375-958-7573,HR Specialist,Chicago,78824.35,75081
81842,Suzanne Abbott,865-939-5559,HR Specialist,Austin,76374.85,26102
98569,Joshua Edwards,957-566-5226,HR Specialist,New York,80038.11,96051
87817,Gina Palmer,718-355-2318,HR Specialist,Remote,70089.84,88606
29558,Thomas Wilkinson DDS,285-728-5417,HR Specialist,Austin,86469.3,26162
30280,David Buckley,760-556-3982,HR Specialist,Remote,77338.49,21937
70842,William Jones,868-479-9675,HR Specialist,San Francisco,92459.9,18653
15017,Julie Carter,434-205-7099,HR Specialist,New York,74546.38,28596
45488,Steven Henderson,991-910-3947,HR Specialist,New York,73563.36,71198
20782,Valerie Walker,250-725-2591,HR Specialist,San Francisco,90339.06,29074
75602,Lauren Drake,432-841-2327,HR Specialist,Austin,65296.57,34286
47134,John Murphy,366-859-9526,HR Specialist,Chicago,86360.18,49941
95605,Heather Hall,561-959-1027,HR Specialist,San Francisco,93108.39,29074
62557,Raymond Kerr,552-543-9561,HR Specialist,Chicago,75805.95,97579
39122,Kimberly Mueller,726-496-1705,HR Specialist,Chicago,86689.72,61653
17758,Kelly Cantrell,607-278-2867,HR Specialist,Austin,80064.82,97218
24993,Christine Wallace,556-734-7669,HR Specialist,Chicago,69201.9,95870
72516,Michael Mclean,783-334-7771,HR Specialist,Remote,53925.34,89489
22890,Mary Carey,964-495-7969,HR Specialist,Remote,77870.9,64654
92019,Tamara Howard,415-765-8515,HR Specialist,Austin,63834.62,76189
30564,Emily Lynch,891-456-7957,HR Specialist,New York,73146.07,17452
68472,Alyssa Richards,294-862-7395,HR Specialist,Remote,68914.22,66395
36789,David Mills,407-818-7031,HR Specialist,Chicago,88031.1,59906
69145,Ian Harris,924-868-9140,HR Specialist,San Francisco,92677.57,29074
86855,April Smith,807-516-9650,HR Specialist,Remote,54168.64,53818
88309,Danny Bartlett,714-791-4505,HR Specialist,Remote,67783.56,27429
76705,Joshua Marshall,390-246-4468,HR Specialist,Austin,73539.85,26434
34179,Steven Smith,913-863-3250,HR Specialist,San Francisco,97524.9,29074
52538,Cody Rogers,317-412-6865,HR Specialist,Chicago,73158.08,76917
99981,Tony Allen,311-628-9559,HR Specialist,Chicago,83002.01,34286
79194,Amanda Lamb,256-901-8428,HR Specialist,San Francisco,71429.46,55864
48439,Erica Carter,889-303-8178,HR Specialist,San Francisco,59691.85,88071
38214,Jason Baker,300-574-3831,HR Specialist,New York,85201.49,38995
34912,Hannah Barrera,449-235-7227,HR Specialist,Chicago,74929.37,15599
43118,Jennifer Green,654-401-2375,HR Specialist,San Francisco,69340.45,39389
93906,Jacob Kim,608-920-3725,HR Specialist,San Francisco,80480.63,23076
75732,Nina Cantu,824-431-8582,HR Specialist,Remote,62612.3,89489
10114,Alexa Fox,791-764-8913,HR Specialist,New York,73090.02,58569
42328,Brianna Davenport,937-411-5466,HR Specialist,New York,80169.95,35737
98651,Tracy Moore,846-879-6603,HR Specialist,Chicago,82912.64,41622
49266,Wayne Gonzalez,608-660-2816,HR Specialist,Remote,68566.01,62353
16231,Daniel Bray,994-812-5487,HR Specialist,Chicago,84872.25,17570
86644,John Jones,970-313-6088,HR Specialist,Chicago,67269.99,29278
92997,Joseph Walker,440-520-8132,HR Specialist,Austin,74883.6,35737
20948,Chelsea Stevens,878-977-3525,HR Specialist,San Francisco,93082.59,11335
63224,Shannon Williams,999-746-7741,HR Specialist,New York,67491.68,33821
88647,Craig Nelson,437-555-5781,HR Specialist,Austin,80029.21,55864
72192,Sandra Ryan,820-816-4202,HR Specialist,Austin,68608.13,65047
89993,Nicholas Hamilton,872-424-7104,HR Specialist,Chicago,85621.18,35548
70093,Kimberly Woods,647-449-7610,HR Specialist,Austin,77363.75,66609
46106,Elizabeth Rodriguez,278-680-8106,HR Specialist,Austin,63267.94,33821
77073,Lisa Thomas,701-778-4267,HR Specialist,Chicago,79707.44,35548
63263,Meagan Hartman,599-934-4780,HR Specialist,San Francisco,69167.26,38603
64615,Michelle Miles,591-375-3155,HR Specialist,Remote,47205.88,66954
46310,Mr. Jerry Park MD,707-796-3194,HR Specialist,Remote,65928.7,27429
29084,Lisa Lane,390-238-1684,HR Specialist,Remote,55378.82,39389
32221,Justin Johnson,815-866-4947,HR Specialist,Austin,68959.7,25440
95031,James Gibson,665-595-9616,HR Specialist,Chicago,66313.24,88071
14129,Gary Thompson,433-781-2220,HR Specialist,Remote,76745.09,71238
94979,Keith Perez,599-460-5096,HR Specialist,San Francisco,62848.59,88220
88893,Steven Ochoa,888-731-3050,HR Specialist,San Francisco,63837.63,66954
11312,Joseph Washington MD,297-786-9538,HR Specialist,Remote,69855.78,64654
12534,Jill Jones,674-203-7378,HR Specialist,Remote,65886.4,66954
84531,Leroy Gillespie,498-299-7763,HR Specialist,Austin,71546.25,35737
54507,Katelyn Lee,543-383-5996,HR Specialist,Austin,74623.86,17452
43336,Mary Morris,716-975-9938,HR Specialist,Austin,73078.06,54767
64128,Steven Wright,676-477-6528,HR Specialist,Remote,80813.25,66954
16957,Robert Nelson,777-490-3096,HR Specialist,Chicago,76611.31,81677
98762,Warren Garcia,450-873-6503,HR Specialist,Remote,69795.61,29278
75011,Keith Black,533-214-3486,HR Specialist,New York,87683.58,46670
23089,Renee Ramirez,627-480-8433,Sales Rep,San Francisco,104073.78,21937
79786,Brian Barrett,932-647-3080,Sales Rep,Chicago,73209.36,54767
86401,Andrea Glover,313-266-2038,Sales Rep,Chicago,90949.24,22112
98807,Jamie Jordan,943-553-3645,Sales Rep,San Francisco,91649.47,96051
18249,David Edwards,687-218-3345,Sales Rep,New York,85740.16,55864
68736,David Anderson MD,394-263-3823,Sales Rep,Remote,90184.32,35384
16661,Samantha Wilson,820-941-7210,Sales Rep,Remote,61652.34,14030
98786,Daniel Lewis,590-229-8632,Sales Rep,San Francisco,104349.86,30268
68230,Adam Ortiz,325-436-6292,Sales Rep,San Francisco,81676.21,96051
72244,Kristina Carter,362-343-4756,Sales Rep,Remote,79278.96,67419
92393,Jonathan Walters,307-621-3466,Sales Rep,Austin,79609.42,64580
15166,Sheryl Armstrong,577-668-4299,Sales Rep,Chicago,80131.1,17570
82366,Christie Martinez,471-358-8134,Sales Rep,New York,80410.68,55048
11504,Courtney Mercer,286-999-3611,Sales Rep,New York,89375.73,74827
11174,Cassandra Yoder,861-953-9350,Sales Rep,San Francisco,88467.05,82245
89409,Ashley Robinson,325-690-8030,Sales Rep,New York,92277.49,26360
76626,Michael Moore,778-454-5480,Sales Rep,Chicago,73317.96,88220
96467,Jane Brown,752-354-3741,Sales Rep,Austin,71123.71,78922
27771,Danielle West,987-220-6182,Sales Rep,Remote,66651.63,26434
38141,Mark Lambert,256-955-6700,Sales Rep,Chicago,61722.2,71198
25096,Kristen Allen,605-663-2131,Sales Rep,Chicago,95878.22,61175
96798,Bradley Garcia,837-688-9760,Sales Rep,New York,94690.91,17570
65174,Stephanie Martinez,697-754-7798,Sales Rep,Austin,98330.15,95233
52391,Kathryn Williams,546-779-8325,Sales Rep,New York,89003.41,78509
34620,Heather Pineda,478-232-9533,Sales Rep,San Francisco,98590.44,39389
51214,Michelle Rodriguez,391-558-3194,Sales Rep,Remote,77861.0,67419
81598,Gary Howell,752-699-8378,Sales Rep,Remote,85008.44,26434
97999,Willie Hodges,278-857-3333,Sales Rep,Chicago,91688.72,29074
49589,Laurie Roberson,558-368-4584,Sales Rep,Remote,71038.66,73031
40757,Xavier Chavez MD,577-992-3704,Sales Rep,Austin,86482.45,65047
94577,Jessica Perez,352-423-1683,Sales Rep,Chicago,77088.05,18804
60245,Joseph Pittman,246-805-4686,Sales Rep,San Francisco,102600.85,59522
28873,Jessica Gutierrez,428-444-8645,Sales Rep,San Francisco,94521.4,14262
21325,Susan Williams,755-628-6109,Sales Rep,Austin,96862.11,23215
16762,Timothy Lopez,548-267-2757,Sales Rep,Austin,73820.46,23076
98139,Adrienne Williams,318-841-8713,Sales Rep,San Francisco,99409.21,21937
36163,Mallory Rasmussen,502-424-9313,Sales Rep,Chicago,97922.42,66609
94737,James Bryant,510-407-4383,Sales Rep,Remote,78147.49,55864
99521,Haley Griffin,509-906-1819,Sales Rep,Chicago,78297.58,12325
82005,Casey Torres,926-399-2452,Sales Rep,Chicago,97955.71,97579
55920,Maria Kelly,330-596-8397,Sales Rep,Chicago,77966.4,26434
68411,Natasha Torres,521-847-4238,Sales Rep,San Francisco,100387.37,35384
58883,Rita Mcgee,207-968-1219,Sales Rep,Chicago,82446.1,95870
73161,Ashley Richardson,508-408-5598,Sales Rep,New York,101119.23,35384
97963,Kari Savage,987-876-2824,Sales Rep,New York,81066.51,14262
95263,Donna Ashley,772-601-3895,Sales Rep,San Francisco,97796.8,35548
83686,Dean Brewer,690-479-1177,Sales Rep,San Francisco,90106.16,66395
27724,Tyrone Chapman,533-449-3390,Sales Rep,Chicago,90248.54,68626
46868,Sophia Hernandez,382-794-6823,Sales Rep,Austin,71052.84,73031
13854,Shannon Warren,995-427-6432,Sales Rep,San Francisco,95085.65,88071
11041,Clayton Carter,757-849-5846,Sales Rep,San Francisco,107506.82,28596
26611,Monica Bryant,766-841-2504,Sales Rep,Austin,83553.71,54240
74203,David Collins,485-853-8519,Sales Rep,San Francisco,87567.72,97218
66351,Melissa Peck,400-616-2172,Sales Rep,Chicago,80224.81,89649
10207,Megan Mahoney,940-945-7326,Sales Rep,Remote,59413.81,16837
21880,Kenneth Wood,583-816-7917,Sales Rep,Austin,87387.08,49941
39496,Mr. David Carpenter,671-899-6486,Sales Rep,Chicago,91649.33,23076
58552,Steven Price,509-307-7712,Sales Rep,Remote,72661.4,34286
19996,Nancy Hill,310-590-7311,Sales Rep,San Francisco,82566.52,82245
16755,John Patel,372-232-5246,Sales Rep,New York,90132.72,39389
36679,Larry Hodges,657-525-4568,Sales Rep,Austin,86975.06,62672
95124,Eddie Harper,999-798-4181,Sales Rep,San Francisco,98644.08,61175
72948,Courtney Dean,205-733-5109,Sales Rep,New York,82685.06,81527
99615,Andrea Hamilton,626-647-8142,Sales Rep,Austin,107800.93,33821
35647,Johnathan Taylor,980-701-3350,Sales Rep,Chicago,86447.88,95870
68792,Kimberly Bauer,405-966-1788,Sales Rep,Remote,61912.86,26162
52252,Joshua Woodard,500-447-8749,Sales Rep,Austin,70608.79,96051
56648,Nicole Potter,548-574-4130,Sales Rep,New York,83003.55,17570
70136,William Lester,378-421-4223,Sales Rep,Remote,68552.21,49941
36003,Christopher Johnson,476-427-1611,Sales Rep,New York,100459.77,31028
44407,Lisa Sherman,892-523-1885,Sales Rep,Chicago,59511.16,30268
26823,James Roman,772-664-2465,Sales Rep,Austin,116851.76,39389
23882,Logan Rios,651-978-6707,Sales Rep,Chicago,84520.6,12801
36315,Jennifer Sweeney,302-784-6179,Sales Rep,San Francisco,100231.08,35548
35026,Ernest Sullivan,373-600-1998,Sales Rep,San Francisco,101490.78,38995
64656,Vincent Pratt,840-931-8626,Sales Rep,San Francisco,84979.45,59119
44711,Vanessa Newton,398-851-3075,Sales Rep,Chicago,84955.21,53818
73000,Alicia Smith,778-203-6693,Sales Rep,Remote,68392.1,29074
10570,Katherine Becker,388-522-1056,Sales Rep,Chicago,80477.08,67419
33667,Justin Rivera,303-872-3659,Sales Rep,Chicago,86138.93,35384
62538,Mrs. Alyssa Rodriguez,546-891-4631,Sales Rep,Remote,81129.3,61175
18311,Adam Munoz,235-238-3869,Sales Rep,New York,72271.3,38995
82094,Tammy Coleman,594-345-6013,Sales Rep,New York,74798.11,23215
31455,Mark Obrien,422-537-8505,Sales Rep,Remote,78586.78,33821
88758,David Powers MD,456-842-7680,Sales Rep,Chicago,81045.09,62353
81558,Roger Perez,598-613-7721,Sales Rep,New York,93036.15,53818
34203,Marcus Foster,576-561-9017,Sales Rep,New York,97690.05,96051
89353,Mr. Daniel Lowery,206-335-3968,Sales Rep,Austin,65263.24,81527
33828,Mary Ellis,766-357-9085,Sales Rep,San Francisco,93554.48,26360
18416,Robert Myers,363-494-9333,Sales Rep,Remote,71883.68,98132
57923,Jordan Martinez,768-272-8917,Sales Rep,Remote,64649.65,18804
39661,Jill Cummings,321-832-2987,Sales Rep,New York,100468.72,62353
17411,Daniel Mendoza,544-385-1974,Sales Rep,Chicago,92259.73,81754
64020,Lauren Miller,388-569-4460,Sales Rep,San Francisco,106922.35,46670
63951,Lucas Richard,236-683-5712,Sales Rep,Austin,80210.97,59119
54149,Steven Reyes,342-412-6766,Sales Rep,Austin,82666.41,59119
33086,Kimberly Gibson,800-734-4370,Sales Rep,New York,88742.05,28596
12026,Lori Harrison,717-762-3162,Sales Rep,Remote,58630.76,29278
66335,John Kelly,201-422-5780,Sales Rep,Remote,64104.78,89489
28132,Laura Ponce,389-587-3429,Sales Rep,Remote,62638.38,11325
53178,Melissa Watson,452-201-8113,Sales Rep,Remote,82040.24,53818
89122,Travis Anthony,269-859-7397,Sales Rep,Chicago,95350.93,14030
18064,John Meyer,839-299-9852,Sales Rep,San Francisco,90681.05,73031
37690,Charles Morris,508-759-3598,Sales Rep,Austin,60554.2,96051
19250,Michelle Young,689-470-4161,Sales Rep,San Francisco,85377.1,54767
63611,Samuel Gordon,726-345-1446,Sales Rep,Chicago,80229.27,96051
65033,David Hughes,430-682-5592,Sales Rep,Chicago,89947.51,65047
49582,Jorge Macdonald,538-903-3667,Sales Rep,New York,111218.39,53818
77712,Cheryl Garcia,334-883-5288,Sales Rep,San Francisco,94121.53,81416
44907,Hector Martinez,985-635-9781,Sales Rep,New York,105857.45,18653
50824,Rodney Francis,864-999-1223,Sales Rep,Remote,76429.57,95870
33990,Dominique Bowman,304-622-5060,Sales Rep,Remote,69538.3,49941
29676,Christine Robinson,904-361-6056,Sales Rep,New York,88597.33,67419
20175,Kevin Hernandez,733-846-7932,Sales Rep,New York,78327.38,71198
81015,Jeremiah Thompson,663-951-2168,Sales Rep,Chicago,91742.12,88220
92109,Sean Trujillo,544-664-4208,Sales Rep,Austin,68605.14,59119
35519,Brittany Evans,289-915-2403,Sales Rep,Chicago,84423.3,23215
55209,Catherine Singh,625-290-7560,Sales Rep,San Francisco,78581.34,89489
46042,Dr. Lynn Rivera,569-819-6853,Sales Rep,San Francisco,90186.99,61653
92199,Emily Smith,742-466-8980,Sales Rep,New York,79492.79,41711
79562,Shelby Valencia,819-968-8002,Sales Rep,Remote,64751.85,59522
50015,Mrs. Jessica Rodriguez,380-544-5672,Sales Rep,Chicago,94587.87,69751
34461,Shannon Arnold,670-494-6623,Sales Rep,New York,83350.74,61175
28950,Wanda Brown,513-729-8452,Sales Rep,Chicago,79901.63,81527
37680,Sandra Jackson,577-925-4215,Sales Rep,Austin,67297.47,22364
71298,Ashley Johnson,252-656-4538,Sales Rep,Chicago,82514.72,22112
98244,Devin Bailey,213-647-7066,Sales Rep,Austin,82022.21,59522
82133,Adam Reed,847-348-9733,Sales Rep,New York,86227.14,35548
24447,Kim Shaw,202-649-4178,Sales Rep,Chicago,83648.19,23076
50501,Chelsey Smith,966-842-6028,Sales Rep,San Francisco,89689.07,97579
65497,Antonio Vega,787-897-4070,Sales Rep,Remote,68281.79,35384
71146,Tommy Russell,584-638-3259,Sales Rep,San Francisco,105783.58,22112
70943,Justin Holden,817-221-2048,Sales Rep,San Francisco,101794.28,65047
16627,Michael Larsen,923-526-2832,Sales Rep,San Francisco,97093.08,59906
93206,Hunter Berry,687-240-5134,Sales Rep,Austin,55526.8,16837
67552,Edward Wright,407-207-6923,Sales Rep,New York,93722.26,12801
43615,Paul Lambert,530-498-8629,Sales Rep,New York,100506.72,69751
54175,Anthony Valdez,860-284-8422,Sales Rep,Chicago,82985.81,51784
21732,Raymond Mann,464-309-4940,Sales Rep,San Francisco,101268.29,67419
60202,James Stone,731-281-8852,Sales Rep,San Francisco,90918.0,99539
10191,Kristin Cooper,428-394-4987,Sales Rep,Austin,80517.7,34286
61448,Jennifer Cardenas,490-904-5089,Sales Rep,New York,83549.18,31028
31485,Mary Garcia,263-968-7440,Sales Rep,Remote,83275.02,53818
91733,Marc Daniels,845-553-4292,Sales Rep,New York,101281.32,14030
68388,Alexis Parker,831-460-5533,Sales Rep,San Francisco,87991.08,55048
64518,Charlotte Church,297-260-6387,Sales Rep,Remote,76414.42,26162
90095,Samuel Mckee,943-671-6126,Sales Rep,San Francisco,90207.92,21937
74529,Danielle Duarte,935-623-2823,Sales Rep,New York,105121.32,12801
45359,Anthony Robinson,229-919-3717,Sales Rep,New York,89827.7,81527
42712,Diana Morton,740-627-3938,Sales Rep,Austin,87587.79,64654
95436,Mrs. Judy Hoffman DDS,812-551-4739,Sales Rep,Chicago,95415.74,76917
53606,Elizabeth Mcgee,679-590-8282,Sales Rep,Chicago,67336.92,25440
96801,Joseph Jones,484-278-4694,Sales Rep,Chicago,84594.07,12801
25843,Eric Martinez,284-309-9187,Sales Rep,Remote,77133.69,88606
85545,Mark Johnson,614-409-9576,Sales Rep,Austin,96048.87,46670
44339,Susan Esparza,979-686-7083,Sales Rep,San Francisco,105463.65,82245
13040,Shane Morgan,353-839-7941,Sales Rep,Austin,76460.0,35384
88680,Darlene Barnes,676-666-8353,Sales Rep,Chicago,84594.69,82245
41448,Aaron Robinson,465-828-7547,Sales Rep,Remote,63438.81,28655
37174,Terry Reeves,853-267-2289,Sales Rep,New York,81536.37,62672
10173,Timothy Cantrell,770-892-7322,Sales Rep,Austin,93285.24,17452
26923,Vincent Walker,510-302-3282,Sales Rep,New York,97534.13,82245
22646,Jessica Riley,428-978-6775,Sales Rep,Austin,85353.91,89649
52868,Natalie Warner,837-914-6430,Sales Rep,Austin,72490.94,34286
98278,Shelby Mitchell,750-863-4249,Sales Rep,San Francisco,98455.4,26162
82481,Kaitlyn Chavez,371-561-5771,Sales Rep,New York,78894.38,99539
20012,Charles Robbins,385-494-8853,Sales Rep,Chicago,75040.09,31028
95009,Emma Perez,430-873-8401,Sales Rep,San Francisco,98889.32,58569
57032,John Campbell,953-431-3664,Sales Rep,New York,98783.14,29074
57129,Jennifer Watts,874-650-2769,Sales Rep,Chicago,77904.04,75081
94696,Jamie Quinn MD,675-645-6589,Sales Rep,New York,87124.34,73031
65787,Tabitha Cole,589-870-3701,Sales Rep,San Francisco,96969.86,76917
56324,Philip Davis,510-960-5683,Sales Rep,San Francisco,110532.05,76189
51700,Sarah Stanton,459-731-5854,Sales Rep,San Francisco,88771.46,38603
48759,Timothy Fields,408-535-2766,Sales Rep,San Francisco,99804.46,97218
91764,Anita Andrews,903-203-2886,Sales Rep,New York,76034.54,14030
96900,Maria Barton,338-577-5787,Sales Rep,Remote,84458.06,11325
10804,Dr. Jeffrey Diaz,458-965-9002,Sales Rep,San Francisco,104816.52,18804
13170,Daniel Winters,564-464-5322,Sales Rep,New York,85310.95,99361
78186,Michele Cannon,892-822-3027,Sales Rep,Remote,78970.73,22364
11869,William Riley,549-693-7506,Sales Rep,New York,105595.01,59906
75851,Katie Guzman,475-329-5760,Sales Rep,San Francisco,100352.57,27429
53550,Kevin Rojas,378-451-2793,Sales Rep,Remote,84181.64,88071
18330,Michael Gallagher,758-203-8472,Sales Rep,Remote,91933.32,97579
19384,Jillian Williams,264-878-2520,Sales Rep,Chicago,103613.48,64654
13541,Zachary Reed,372-872-9481,Sales Rep,Chicago,78919.85,31028
15507,Alex Savage,396-319-7307,Sales Rep,Chicago,79400.77,75081
54754,Elizabeth York,413-916-4847,Sales Rep,San Francisco,96563.17,49941
65655,Alan Miller,404-468-9603,Sales Rep,Austin,78461.54,18653
60687,Jennifer Orozco,219-931-2503,Sales Rep,New York,75849.97,66395
66637,Alexander Brock III,231-472-5559,Sales Rep,New York,113044.06,15599
20245,Randy Alvarado,997-304-7408,Sales Rep,San Francisco,93947.58,89489
26456,Dalton Pacheco,529-320-6875,Sales Rep,Austin,82285.27,30268
11288,Kristi Keller,634-800-9506,Sales Rep,New York,89564.83,18893
84591,Kathy Meza,626-715-8023,Sales Rep,San Francisco,80584.34,58569
42642,Wanda Gutierrez,877-387-7575,Sales Rep,New York,96881.52,39389
82771,Brandon Coleman,407-474-3730,Sales Rep,Austin,91534.41,66609
13473,Steven Holmes DDS,641-363-9152,Sales Rep,San Francisco,91052.05,68254
16095,Mrs. Lindsey Johnson DDS,774-947-5068,Sales Rep,New York,84143.51,99539
77427,Jennifer Pratt,914-410-2839,Sales Rep,Chicago,82475.83,14030
